"fish","summary","nsp","M","M.prime","qHt","qEt","qDT","qDTM","fric_ses","fdis_ses","fdiv_ses","feve_ses","full_FRic","full_FDis","full_FDiv","full_FEve"
"no","min",5,0.0967312746130794,0.116077529535695,5.58695071924783,0.378336320077622,2.91597821166662,1.36076040899778,-1.06512304523301,-1.40824756811519,-1.18317078529301,-1.5756108209185,4.20180202451605e-05,0.0889000537787211,0.667742465639153,0.0583217451259925
"no","max",10,0.595123925000677,0.714148710000812,29.586339768979,0.870556829743278,5.96226507677712,4.46476410732129,1.94344353622663,1.89386300601494,1.13764982895114,2.38724328310753,0.0123997516399606,0.49459688078798,0.989240718277288,0.875899608502321
"no","mean",6.51515151515152,0.405260854408397,0.481787024442033,11.760494967728,0.6067364550692,3.88313271019413,2.6152566682828,0.438833227361896,0.846160507780858,0.269781477825819,0.887945230425741,0.00556524385890771,0.346752347003268,0.869845661993101,0.571913287616893
"no","sd",1.2530266388133,0.146786379239743,0.172619781201707,5.8161991601358,0.118359846404632,0.763257105418638,0.790839771787984,0.909986644489128,0.919251763901849,0.69005693812798,1.01826024680062,0.00403418401029177,0.125011421608105,0.0922877435342584,0.204519272982791
"yes","min",5,0.0512442108651743,0.0597849126760367,3.21204828787297,0.323469615540657,2.36065802550414,1.14356133176987,-1.730822775448,-1.46570786501748,-1.9433978724823,-1.91224456667539,1.66508081763884e-07,0.048952894923138,0.564270884288235,0.0178879457712871
"yes","max",11,0.572788165673295,0.644590153472,36.158468827018,0.902535727379267,6.53394305798605,3.87177037050524,2.63902639472037,1.66780852219624,1.27670484037747,2.00129764954312,0.0257531015289409,0.486047835295889,0.997728643751425,0.786871639250359
"yes","mean",7.22222222222222,0.289731340992331,0.338415848635908,11.865293251532,0.556509991959961,3.88925584680994,2.18547954857467,-0.329289513032527,0.149013384679242,0.125252011027231,0.11105077335496,0.00566776721721843,0.246819955216162,0.847426626215158,0.400298635355875
"yes","sd",1.57416245076029,0.126210091217754,0.147022726559969,5.91055869804437,0.142568665166591,0.800057250845542,0.675345145858448,1.0291160295316,0.7653413582952,0.896799797755406,1.04432454250745,0.00635967265804583,0.104148574101883,0.121042467332395,0.19753983774289
